Workbook

Sheet Lead List
A1: Lead ID | B1: Company Name | C1: Contact First Name | D1: Contact Last Name | E1: Title | F1: Email | G1: Phone | H1: Company City | I1: Company State | J1: Industry | K1: Lead Score (1-5) | L1: Status | M1: Assigned Campaign | N1: Notes
A2: 1
A3: 2
A4: 3
A5: 4
A6: 5
A7: 6
A8: 7
A9: 8
A10: 9
A11: 10
A12: 11
A13: 12
... A31: 30

Sheet Email Campaigns
A1: Lead ID | B1: Contact Name | C1: Company | D1: Campaign Name | E1: Email Sent Date | F1: Opened? | G1: Clicked? | H1: Replied? | I1: Reply Notes | J1: Follow-up #1 Date | K1: Follow-up #2 Date | L1: Follow-up #3 Date | M1: Status
A2: 1 | J2: =IF(E2="","",WORKDAY(E2,3)) | K2: =IF(J2="","",WORKDAY(J2,5)) | L2: =IF(K2="","",WORKDAY(K2,7))
A3: 2 | J3: =IF(E3="","",WORKDAY(E3,3)) | K3: =IF(J3="","",WORKDAY(J3,5)) | L3: =IF(K3="","",WORKDAY(K3,7))
A4: 3 | J4: =IF(E4="","",WORKDAY(E4,3)) | K4: =IF(J4="","",WORKDAY(J4,5)) | L4: =IF(K4="","",WORKDAY(K4,7))
A5: 4 | J5: =IF(E5="","",WORKDAY(E5,3)) | K5: =IF(J5="","",WORKDAY(J5,5)) | L5: =IF(K5="","",WORKDAY(K5,7))
A6: 5 | J6: =IF(E6="","",WORKDAY(E6,3)) | K6: =IF(J6="","",WORKDAY(J6,5)) | L6: =IF(K6="","",WORKDAY(K6,7))
A7: 6 | J7: =IF(E7="","",WORKDAY(E7,3)) | K7: =IF(J7="","",WORKDAY(J7,5)) | L7: =IF(K7="","",WORKDAY(K7,7))
A8: 7 | J8: =IF(E8="","",WORKDAY(E8,3)) | K8: =IF(J8="","",WORKDAY(J8,5)) | L8: =IF(K8="","",WORKDAY(K8,7))
A9: 8 | J9: =IF(E9="","",WORKDAY(E9,3)) | K9: =IF(J9="","",WORKDAY(J9,5)) | L9: =IF(K9="","",WORKDAY(K9,7))
A10: 9 | J10: =IF(E10="","",WORKDAY(E10,3)) | K10: =IF(J10="","",WORKDAY(J10,5)) | L10: =IF(K10="","",WORKDAY(K10,7))
A11: 10 | J11: =IF(E11="","",WORKDAY(E11,3)) | K11: =IF(J11="","",WORKDAY(J11,5)) | L11: =IF(K11="","",WORKDAY(K11,7))
A12: 11 | J12: =IF(E12="","",WORKDAY(E12,3)) | K12: =IF(J12="","",WORKDAY(J12,5)) | L12: =IF(K12="","",WORKDAY(K12,7))
A13: 12 | J13: =IF(E13="","",WORKDAY(E13,3)) | K13: =IF(J13="","",WORKDAY(J13,5)) | L13: =IF(K13="","",WORKDAY(K13,7))
... A31: 30 | J31: =IF(E31="","",WORKDAY(E31,3)) | K31: =IF(J31="","",WORKDAY(J31,5)) | L31: =IF(K31="","",WORKDAY(K31,7))

Sheet Cold Calls
A1: Lead ID | B1: Contact Name | C1: Company | D1: Phone Number | E1: Call Date | F1: Call Time | G1: Connected? | H1: Call Outcome | I1: Notes from Call | J1: Follow-up Task | K1: Follow-up Date
A2: 1
A3: 2
A4: 3
A5: 4
A6: 5
A7: 6
A8: 7
A9: 8
A10: 9
A11: 10
A12: 11
A13: 12
... A31: 30

Sheet Dashboard
A1: Metric | B1: Value
A2: Total Leads | B2: =COUNTA('Lead List'!A2:A1001)
A3: Leads - New | B3: =COUNTIF('Lead List'!L2:L1001,"New")
A4: Leads - Emailed | B4: =COUNTIF('Lead List'!L2:L1001,"Emailed")
A5: Leads - Called | B5: =COUNTIF('Lead List'!L2:L1001,"Called")
A6: Leads - Replied | B6: =COUNTIF('Lead List'!L2:L1001,"Replied")
A7: Leads - Meeting Booked | B7: =COUNTIF('Lead List'!L2:L1001,"Meeting Booked")
A8: Leads - Quoted | B8: =COUNTIF('Lead List'!L2:L1001,"Quoted")
A9: Leads - Won | B9: =COUNTIF('Lead List'!L2:L1001,"Won")
A10: Leads - Lost | B10: =COUNTIF('Lead List'!L2:L1001,"Lost")
A12: --- Campaign Metrics ---
A13: Emails Sent This Month | B13: =SUMPRODUCT((MONTH('Email Campaigns'!E2:E1001)=MONTH(TODAY()))*(YEAR('Email Campaigns'!E2:E1001)=YEAR(TODAY()))*(LEN('Email Campaigns'!E2:E1001)>0))
A14: Open Rate % | B14: =IFERROR(SUMPRODUCT((MONTH('Email Campaigns'!E2:E1001)=MONTH(TODAY()))*('Email Campaigns'!F2:F1001="Yes"))/MAX(1,SUMPRODUCT((MONTH('Email Campaigns'!E2:E1001)=MONTH(TODAY()))*(LEN('Email Campaigns'!E2:E1001)>0))),0)
A15: Reply Rate % | B15: =IFERROR(SUMPRODUCT((MONTH('Email Campaigns'!E2:E1001)=MONTH(TODAY()))*('Email Campaigns'!H2:H1001="Yes"))/MAX(1,SUMPRODUCT((MONTH('Email Campaigns'!E2:E1001)=MONTH(TODAY()))*(LEN('Email Campaigns'!E2:E1001)>0))),0)
A16: Calls Made This Month | B16: =SUMPRODUCT((MONTH('Cold Calls'!E2:E1001)=MONTH(TODAY()))*(YEAR('Cold Calls'!E2:E1001)=YEAR(TODAY()))*(LEN('Cold Calls'!E2:E1001)>0))
A17: Meetings Booked (Calls) | B17: =COUNTIF('Cold Calls'!H2:H1001,"Meeting Booked")
A18: Meetings Booked (All) | B18: =COUNTIF('Lead List'!L2:L1001,"Meeting Booked")
A21: --- Conversion Funnel ---
A22: Stage | B22: Count
A23: Total Leads | B23: =COUNTA('Lead List'!A2:A1001)
A24: Emailed | B24: =COUNTIF('Lead List'!L2:L1001,"Emailed")
A25: Replied | B25: =COUNTIF('Lead List'!L2:L1001,"Replied")
A26: Meeting Booked | B26: =COUNTIF('Lead List'!L2:L1001,"Meeting Booked")
A27: Quoted | B27: =COUNTIF('Lead List'!L2:L1001,"Quoted")
A28: Won | B28: =COUNTIF('Lead List'!L2:L1001,"Won")
A31: --- Top 10 Hottest Leads (by Stage) ---
A32: Lead ID | B32: Company | C32: Contact | D32: Email | E32: Status | F32: Notes
A33: (Sort Lead List by Status/Recency)
A34: (Sort Lead List by Status/Recency)
A35: (Sort Lead List by Status/Recency)
A36: (Sort Lead List by Status/Recency)
A37: (Sort Lead List by Status/Recency)
A38: (Sort Lead List by Status/Recency)
A39: (Sort Lead List by Status/Recency)
A40: (Sort Lead List by Status/Recency)
A41: (Sort Lead List by Status/Recency)
A42: (Sort Lead List by Status/Recency)

Sheet Email Templates
A1: Template # | B1: Template Name | C1: Subject Line | D1: Body
A2: 1 | B2: Initial Outreach | C2: Sharp-Eye Precision Parts — supporting {{Company}}'s machining needs | D2: Hi {{FirstName}}, I'm August Cox, country manager at Sharp-Eye Precision Parts Co., Ltd. We specialize in CNC machining turned parts — swiss-type automatic lathe work is what we do best. I've been looking at what {{Company}} does in the {{Industry}} space, and I think we could help keep your supply chain moving with consistent, high-quality parts. Would you be open to a quick phone call this week to see if there's a fit? Feel free to call me between the hours of 7am–11am EST if that's easier. Thanks, August Cox +1 (513) 348-0483 Sharp-Eye Precision Parts Co., Ltd.
A3: 2 | B3: Follow-up #1 | C3: Re: Sharp-Eye Precision Parts — following up with {{Company}} | D3: Hi {{FirstName}}, I sent a note over a few days back and wanted to make sure it didn't get buried. Sharp-Eye Precision Parts handles CNC turned parts at scale — swiss machining, tight tolerances, consistent output. We work with companies in {{Industry}} and I'd love to see if we can help {{Company}} the same way. No pressure — if it's not a priority right now, just let me know. But if you've got 5 minutes this week, I'm happy to talk through what we do. Please let me know if you have any questions. Thanks, August Cox +1 (513) 348-0483 Sharp-Eye Precision Parts Co., Ltd.
A4: 3 | B4: Breakup / Final Attempt | C4: Sharp-Eye Precision Parts — last note from me | D4: Hi {{FirstName}}, I've reached out a couple times and haven't heard back — totally understand, you're busy. I'll leave you with this: if {{Company}} ever has a bottleneck on CNC turned parts — swiss machining, tight deadlines, finicky tolerances — we're here. Sharp-Eye has been solving those kinds of problems for a long time. I won't fill up your inbox after this one. But if something changes on your end, you know where to find me. Thanks, August Cox +1 (513) 348-0483 Sharp-Eye Precision Parts Co., Ltd.
A5: 4 | B5: After Meeting | C5: Great speaking with you, {{FirstName}} — next steps | D5: Hi {{FirstName}}, Really appreciated the conversation earlier. Sounds like {{Company}} has some interesting projects in the pipeline. As discussed, here's what I'll do on my end: - {{ActionItem1}} - {{ActionItem2}} I'll circle back by {{FollowUpDate}} unless I hear from you sooner. Feel free to call me between the hours of 7am–11am EST with any questions. Thanks, August Cox +1 (513) 348-0483 Sharp-Eye Precision Parts Co., Ltd.
A6: 5 | B6: Quote Follow-up | C6: Sharp-Eye quote for {{Company}} — checking in | D6: Hi {{FirstName}}, Just following up on the quote I sent over for {{ProjectName}}. Wanted to make sure it landed safely and answer any questions you might have. Happy to walk through the numbers or adjust anything that doesn't line up with what you're expecting. Please let me know if you have any questions. Thanks, August Cox +1 (513) 348-0483 Sharp-Eye Precision Parts Co., Ltd.

Sheet Call Scripts
A1: Script # | B1: Script Name | C1: Script / Notes
A2: 1 | B2: Initial Cold Call Script | C2: --- OPENING --- "Hi {{FirstName}}, this is August Cox with Sharp-Eye Precision Parts. Did I catch you at an okay time?" --- HOOK --- "I'll be quick — we do CNC turned parts, swiss-type automatic lathe work mostly. I've been looking at what {{Company}} does, and I think there might be a fit on the machining side." --- QUALIFYING QUESTION --- "Quick question — are you the right person to talk to about your machined parts supply, or should I be speaking with someone else?" --- VALUE PROP --- "We help companies in {{Industry}} get consistent, tight-tolerance turned parts without the headaches. Fast turnaround, competitive pricing, and we don't make excuses when things get tight." --- CALL TO ACTION --- "I'd love to send over a capabilities sheet and follow up next week. What's the best email to reach you at?" --- CLOSE --- "Thanks, {{FirstName}}. I'll send that over today. Feel free to call me between 7am–11am EST if anything comes to mind."
A3: 2 | B3: Voicemail Script | C3: "Hi {{FirstName}}, this is August Cox at Sharp-Eye Precision Parts — that's 513-348-0483. I'm reaching out because we do CNC turned parts and I'd like to see if we can help {{Company}} with your machining needs. No need to call back unless it's convenient — I'll shoot you an email as well. Thanks."
A4: 3 | B4: Gatekeeper Bypass Tips | C4: - Be polite and direct. Gatekeepers control access; treat them with respect. - Use their name if you can find it. - Don't pitch the gatekeeper — just ask for the right person. Example: "Hi, I'm trying to reach whoever handles your machined parts procurement. Can you point me in the right direction?" - If they ask what it's about: "We're a CNC machine shop and I wanted to send over some information on our capabilities. Just trying to find the right contact." - Best calling windows for manufacturers: 7am–9am EST or 4pm–5pm EST (before the floor gets busy, or after the day winds down). - If gatekeeper is a hard no: ask for a general email to send info. Then follow up by name next time. - Always log the gatekeeper's name in Notes for future calls.
A5: 4 | B5: Follow-up Call Script | C5: --- OPENING --- "Hi {{FirstName}}, August Cox from Sharp-Eye again. I sent over some info on our CNC capabilities last week — did you get a chance to look it over?" --- IF YES --- "Great. What stood out to you? Anything you'd like me to dig into more?" [Listen for pain points, timelines, current suppliers] --- IF NO --- "No problem at all. The short version is: we do Swiss-type turned parts, tight tolerances, consistent quality. If you're running into any issues with your current supplier — lead times, quality, pricing — that's usually where we can help." --- NEXT STEP --- "What would be a good time for me to check back? I don't want to be a pest, but I do think this is worth a real conversation." --- CLOSE --- "Thanks, {{FirstName}}. I'll make a note and reach out then. Please let me know if you have any questions in the meantime."
